Container ID,Container Name,Image,Check Name,Severity,Passed,Details
7635e532559cbacbccfc74c9cbcab4116cd2fa06b206a51ad429dc71d204e345,/prometheus,prom/prometheus:latest,root_user_check,high,true,"map[user:nobody]"
7635e532559cbacbccfc74c9cbcab4116cd2fa06b206a51ad429dc71d204e345,/prometheus,prom/prometheus:latest,exposed_ports_check,medium,false,"map[bound_ports:[9090/tcp -> :9091] exposed_ports:[] risk_level:medium]"
7635e532559cbacbccfc74c9cbcab4116cd2fa06b206a51ad429dc71d204e345,/prometheus,prom/prometheus:latest,vulnerability_check,critical,true,"map[image:prom/prometheus:latest scan_type:basic_image_analysis]"
7635e532559cbacbccfc74c9cbcab4116cd2fa06b206a51ad429dc71d204e345,/prometheus,prom/prometheus:latest,secrets_check,critical,true,"map[env_vars_checked:1]"
7635e532559cbacbccfc74c9cbcab4116cd2fa06b206a51ad429dc71d204e345,/prometheus,prom/prometheus:latest,resource_limits_check,low,false,"map[cpu_limit:false memory_limit:false missing_limits:[memory_limit cpu_limit pids_limit] pids_limit:false]"
7635e532559cbacbccfc74c9cbcab4116cd2fa06b206a51ad429dc71d204e345,/prometheus,prom/prometheus:latest,image_integrity_check,medium,false,"map[image:prom/prometheus:latest is_official:false trust_issues:[untrusted_image_source using_latest_tag] trusted_registry:false]"
7635e532559cbacbccfc74c9cbcab4116cd2fa06b206a51ad429dc71d204e345,/prometheus,prom/prometheus:latest,cis_1_1_1,high,true,"map[user:nobody]"
7635e532559cbacbccfc74c9cbcab4116cd2fa06b206a51ad429dc71d204e345,/prometheus,prom/prometheus:latest,cis_1_1_2,high,true,"map[user:nobody]"
7635e532559cbacbccfc74c9cbcab4116cd2fa06b206a51ad429dc71d204e345,/prometheus,prom/prometheus:latest,cis_3_5,critical,true,"map[privileged:false]"
7635e532559cbacbccfc74c9cbcab4116cd2fa06b206a51ad429dc71d204e345,/prometheus,prom/prometheus:latest,cis_3_10,high,true,"map[network_mode:monitoring_monitoring]"
7635e532559cbacbccfc74c9cbcab4116cd2fa06b206a51ad429dc71d204e345,/prometheus,prom/prometheus:latest,cis_3_16,high,true,"map[added_capabilities:[]]"
7635e532559cbacbccfc74c9cbcab4116cd2fa06b206a51ad429dc71d204e345,/prometheus,prom/prometheus:latest,cis_3_19,high,false,"map[allows_privilege_escalation:true reason:Container may allow privilege escalation which violates CIS control 3.19]"
424e403240e43869c7fd7a9ab8cb08885b8d885470744e01e89fcd69466fb0b2,/tender_bose,hello-world,root_user_check,high,false,"map[reason:Container running as root user user:]"
424e403240e43869c7fd7a9ab8cb08885b8d885470744e01e89fcd69466fb0b2,/tender_bose,hello-world,exposed_ports_check,medium,true,"map[exposed_ports:[]]"
424e403240e43869c7fd7a9ab8cb08885b8d885470744e01e89fcd69466fb0b2,/tender_bose,hello-world,vulnerability_check,critical,true,"map[image:hello-world scan_type:basic_image_analysis]"
424e403240e43869c7fd7a9ab8cb08885b8d885470744e01e89fcd69466fb0b2,/tender_bose,hello-world,secrets_check,critical,true,"map[env_vars_checked:1]"
424e403240e43869c7fd7a9ab8cb08885b8d885470744e01e89fcd69466fb0b2,/tender_bose,hello-world,resource_limits_check,low,false,"map[cpu_limit:false memory_limit:false missing_limits:[memory_limit cpu_limit pids_limit] pids_limit:false]"
424e403240e43869c7fd7a9ab8cb08885b8d885470744e01e89fcd69466fb0b2,/tender_bose,hello-world,image_integrity_check,medium,true,"map[image:hello-world trust_verified:true]"
424e403240e43869c7fd7a9ab8cb08885b8d885470744e01e89fcd69466fb0b2,/tender_bose,hello-world,cis_1_1_1,high,false,"map[reason:Container running as root user violates CIS control 1.1.1 user:]"
424e403240e43869c7fd7a9ab8cb08885b8d885470744e01e89fcd69466fb0b2,/tender_bose,hello-world,cis_1_1_2,high,false,"map[reason:Container running as root user violates CIS control 1.1.2 user:]"
424e403240e43869c7fd7a9ab8cb08885b8d885470744e01e89fcd69466fb0b2,/tender_bose,hello-world,cis_3_5,critical,true,"map[privileged:false]"
424e403240e43869c7fd7a9ab8cb08885b8d885470744e01e89fcd69466fb0b2,/tender_bose,hello-world,cis_3_10,high,true,"map[network_mode:bridge]"
424e403240e43869c7fd7a9ab8cb08885b8d885470744e01e89fcd69466fb0b2,/tender_bose,hello-world,cis_3_16,high,true,"map[added_capabilities:[]]"
424e403240e43869c7fd7a9ab8cb08885b8d885470744e01e89fcd69466fb0b2,/tender_bose,hello-world,cis_3_19,high,false,"map[allows_privilege_escalation:true reason:Container may allow privilege escalation which violates CIS control 3.19]"
829c33efc388dfc5b0201b6ca441f15f4a1138f32c1f1d0f8b350111b90b0b7a,/infallible_goldstine,hello-world,root_user_check,high,false,"map[reason:Container running as root user user:]"
829c33efc388dfc5b0201b6ca441f15f4a1138f32c1f1d0f8b350111b90b0b7a,/infallible_goldstine,hello-world,exposed_ports_check,medium,true,"map[exposed_ports:[]]"
829c33efc388dfc5b0201b6ca441f15f4a1138f32c1f1d0f8b350111b90b0b7a,/infallible_goldstine,hello-world,vulnerability_check,critical,true,"map[image:hello-world scan_type:basic_image_analysis]"
829c33efc388dfc5b0201b6ca441f15f4a1138f32c1f1d0f8b350111b90b0b7a,/infallible_goldstine,hello-world,secrets_check,critical,true,"map[env_vars_checked:1]"
829c33efc388dfc5b0201b6ca441f15f4a1138f32c1f1d0f8b350111b90b0b7a,/infallible_goldstine,hello-world,resource_limits_check,low,false,"map[cpu_limit:false memory_limit:false missing_limits:[memory_limit cpu_limit pids_limit] pids_limit:false]"
829c33efc388dfc5b0201b6ca441f15f4a1138f32c1f1d0f8b350111b90b0b7a,/infallible_goldstine,hello-world,image_integrity_check,medium,true,"map[image:hello-world trust_verified:true]"
829c33efc388dfc5b0201b6ca441f15f4a1138f32c1f1d0f8b350111b90b0b7a,/infallible_goldstine,hello-world,cis_1_1_1,high,false,"map[reason:Container running as root user violates CIS control 1.1.1 user:]"
829c33efc388dfc5b0201b6ca441f15f4a1138f32c1f1d0f8b350111b90b0b7a,/infallible_goldstine,hello-world,cis_1_1_2,high,false,"map[reason:Container running as root user violates CIS control 1.1.2 user:]"
829c33efc388dfc5b0201b6ca441f15f4a1138f32c1f1d0f8b350111b90b0b7a,/infallible_goldstine,hello-world,cis_3_5,critical,true,"map[privileged:false]"
829c33efc388dfc5b0201b6ca441f15f4a1138f32c1f1d0f8b350111b90b0b7a,/infallible_goldstine,hello-world,cis_3_10,high,true,"map[network_mode:bridge]"
829c33efc388dfc5b0201b6ca441f15f4a1138f32c1f1d0f8b350111b90b0b7a,/infallible_goldstine,hello-world,cis_3_16,high,true,"map[added_capabilities:[]]"
829c33efc388dfc5b0201b6ca441f15f4a1138f32c1f1d0f8b350111b90b0b7a,/infallible_goldstine,hello-world,cis_3_19,high,false,"map[allows_privilege_escalation:true reason:Container may allow privilege escalation which violates CIS control 3.19]"
584ffcf8aa521da02a511d7ef962d9d9f01f451af97c3efd5ddf2a752b4f10d8,/festive_morse,kalilinux/kali-rolling,root_user_check,high,false,"map[reason:Container running as root user user:]"
584ffcf8aa521da02a511d7ef962d9d9f01f451af97c3efd5ddf2a752b4f10d8,/festive_morse,kalilinux/kali-rolling,exposed_ports_check,medium,true,"map[exposed_ports:[]]"
584ffcf8aa521da02a511d7ef962d9d9f01f451af97c3efd5ddf2a752b4f10d8,/festive_morse,kalilinux/kali-rolling,vulnerability_check,critical,true,"map[image:kalilinux/kali-rolling scan_type:basic_image_analysis]"
584ffcf8aa521da02a511d7ef962d9d9f01f451af97c3efd5ddf2a752b4f10d8,/festive_morse,kalilinux/kali-rolling,secrets_check,critical,true,"map[env_vars_checked:2]"
584ffcf8aa521da02a511d7ef962d9d9f01f451af97c3efd5ddf2a752b4f10d8,/festive_morse,kalilinux/kali-rolling,resource_limits_check,low,false,"map[cpu_limit:false memory_limit:false missing_limits:[memory_limit cpu_limit pids_limit] pids_limit:false]"
584ffcf8aa521da02a511d7ef962d9d9f01f451af97c3efd5ddf2a752b4f10d8,/festive_morse,kalilinux/kali-rolling,image_integrity_check,medium,false,"map[image:kalilinux/kali-rolling is_official:false trust_issues:[untrusted_image_source] trusted_registry:false]"
584ffcf8aa521da02a511d7ef962d9d9f01f451af97c3efd5ddf2a752b4f10d8,/festive_morse,kalilinux/kali-rolling,cis_1_1_1,high,false,"map[reason:Container running as root user violates CIS control 1.1.1 user:]"
584ffcf8aa521da02a511d7ef962d9d9f01f451af97c3efd5ddf2a752b4f10d8,/festive_morse,kalilinux/kali-rolling,cis_1_1_2,high,false,"map[reason:Container running as root user violates CIS control 1.1.2 user:]"
584ffcf8aa521da02a511d7ef962d9d9f01f451af97c3efd5ddf2a752b4f10d8,/festive_morse,kalilinux/kali-rolling,cis_3_5,critical,true,"map[privileged:false]"
584ffcf8aa521da02a511d7ef962d9d9f01f451af97c3efd5ddf2a752b4f10d8,/festive_morse,kalilinux/kali-rolling,cis_3_10,high,true,"map[network_mode:bridge]"
584ffcf8aa521da02a511d7ef962d9d9f01f451af97c3efd5ddf2a752b4f10d8,/festive_morse,kalilinux/kali-rolling,cis_3_16,high,true,"map[added_capabilities:[]]"
584ffcf8aa521da02a511d7ef962d9d9f01f451af97c3efd5ddf2a752b4f10d8,/festive_morse,kalilinux/kali-rolling,cis_3_19,high,false,"map[allows_privilege_escalation:true reason:Container may allow privilege escalation which violates CIS control 3.19]"
5e8d6d186454b4ee179918855a476bba691d4473b36faa6e17b406cd0d279ba5,/bold_goodall,hello-world,root_user_check,high,false,"map[reason:Container running as root user user:]"
5e8d6d186454b4ee179918855a476bba691d4473b36faa6e17b406cd0d279ba5,/bold_goodall,hello-world,exposed_ports_check,medium,true,"map[exposed_ports:[]]"
5e8d6d186454b4ee179918855a476bba691d4473b36faa6e17b406cd0d279ba5,/bold_goodall,hello-world,vulnerability_check,critical,true,"map[image:hello-world scan_type:basic_image_analysis]"
5e8d6d186454b4ee179918855a476bba691d4473b36faa6e17b406cd0d279ba5,/bold_goodall,hello-world,secrets_check,critical,true,"map[env_vars_checked:1]"
5e8d6d186454b4ee179918855a476bba691d4473b36faa6e17b406cd0d279ba5,/bold_goodall,hello-world,resource_limits_check,low,false,"map[cpu_limit:false memory_limit:false missing_limits:[memory_limit cpu_limit pids_limit] pids_limit:false]"
5e8d6d186454b4ee179918855a476bba691d4473b36faa6e17b406cd0d279ba5,/bold_goodall,hello-world,image_integrity_check,medium,true,"map[image:hello-world trust_verified:true]"
5e8d6d186454b4ee179918855a476bba691d4473b36faa6e17b406cd0d279ba5,/bold_goodall,hello-world,cis_1_1_1,high,false,"map[reason:Container running as root user violates CIS control 1.1.1 user:]"
5e8d6d186454b4ee179918855a476bba691d4473b36faa6e17b406cd0d279ba5,/bold_goodall,hello-world,cis_1_1_2,high,false,"map[reason:Container running as root user violates CIS control 1.1.2 user:]"
5e8d6d186454b4ee179918855a476bba691d4473b36faa6e17b406cd0d279ba5,/bold_goodall,hello-world,cis_3_5,critical,true,"map[privileged:false]"
5e8d6d186454b4ee179918855a476bba691d4473b36faa6e17b406cd0d279ba5,/bold_goodall,hello-world,cis_3_10,high,true,"map[network_mode:bridge]"
5e8d6d186454b4ee179918855a476bba691d4473b36faa6e17b406cd0d279ba5,/bold_goodall,hello-world,cis_3_16,high,true,"map[added_capabilities:[]]"
5e8d6d186454b4ee179918855a476bba691d4473b36faa6e17b406cd0d279ba5,/bold_goodall,hello-world,cis_3_19,high,false,"map[allows_privilege_escalation:true reason:Container may allow privilege escalation which violates CIS control 3.19]"
affe1890e1a1abb6d7aad11b4dc12dfd090bb1ad91e6ab31ccd4ca51dd8ef6b4,/api-security-scanner,api-security-scanner,root_user_check,high,false,"map[reason:Container running as root user user:]"
affe1890e1a1abb6d7aad11b4dc12dfd090bb1ad91e6ab31ccd4ca51dd8ef6b4,/api-security-scanner,api-security-scanner,exposed_ports_check,medium,false,"map[bound_ports:[8080/tcp -> :8080 8081/tcp -> :8081] exposed_ports:[] risk_level:medium]"
affe1890e1a1abb6d7aad11b4dc12dfd090bb1ad91e6ab31ccd4ca51dd8ef6b4,/api-security-scanner,api-security-scanner,vulnerability_check,critical,true,"map[image:api-security-scanner scan_type:basic_image_analysis]"
affe1890e1a1abb6d7aad11b4dc12dfd090bb1ad91e6ab31ccd4ca51dd8ef6b4,/api-security-scanner,api-security-scanner,secrets_check,critical,true,"map[env_vars_checked:1]"
affe1890e1a1abb6d7aad11b4dc12dfd090bb1ad91e6ab31ccd4ca51dd8ef6b4,/api-security-scanner,api-security-scanner,resource_limits_check,low,false,"map[cpu_limit:false memory_limit:false missing_limits:[memory_limit cpu_limit pids_limit] pids_limit:false]"
affe1890e1a1abb6d7aad11b4dc12dfd090bb1ad91e6ab31ccd4ca51dd8ef6b4,/api-security-scanner,api-security-scanner,image_integrity_check,medium,true,"map[image:api-security-scanner trust_verified:true]"
affe1890e1a1abb6d7aad11b4dc12dfd090bb1ad91e6ab31ccd4ca51dd8ef6b4,/api-security-scanner,api-security-scanner,cis_1_1_1,high,false,"map[reason:Container running as root user violates CIS control 1.1.1 user:]"
affe1890e1a1abb6d7aad11b4dc12dfd090bb1ad91e6ab31ccd4ca51dd8ef6b4,/api-security-scanner,api-security-scanner,cis_1_1_2,high,false,"map[reason:Container running as root user violates CIS control 1.1.2 user:]"
affe1890e1a1abb6d7aad11b4dc12dfd090bb1ad91e6ab31ccd4ca51dd8ef6b4,/api-security-scanner,api-security-scanner,cis_3_5,critical,true,"map[privileged:false]"
affe1890e1a1abb6d7aad11b4dc12dfd090bb1ad91e6ab31ccd4ca51dd8ef6b4,/api-security-scanner,api-security-scanner,cis_3_10,high,true,"map[network_mode:bridge]"
affe1890e1a1abb6d7aad11b4dc12dfd090bb1ad91e6ab31ccd4ca51dd8ef6b4,/api-security-scanner,api-security-scanner,cis_3_16,high,true,"map[added_capabilities:[]]"
affe1890e1a1abb6d7aad11b4dc12dfd090bb1ad91e6ab31ccd4ca51dd8ef6b4,/api-security-scanner,api-security-scanner,cis_3_19,high,false,"map[allows_privilege_escalation:true reason:Container may allow privilege escalation which violates CIS control 3.19]"
4f1bf1fad22fa87ed73140c3e3a8dc000a59e3a90ff9300d4bdee8c9399c6a06,/node-exporter,prom/node-exporter:latest,root_user_check,high,true,"map[user:nobody]"
4f1bf1fad22fa87ed73140c3e3a8dc000a59e3a90ff9300d4bdee8c9399c6a06,/node-exporter,prom/node-exporter:latest,exposed_ports_check,medium,false,"map[bound_ports:[9100/tcp -> :9100] exposed_ports:[] risk_level:medium]"
4f1bf1fad22fa87ed73140c3e3a8dc000a59e3a90ff9300d4bdee8c9399c6a06,/node-exporter,prom/node-exporter:latest,vulnerability_check,critical,true,"map[image:prom/node-exporter:latest scan_type:basic_image_analysis]"
4f1bf1fad22fa87ed73140c3e3a8dc000a59e3a90ff9300d4bdee8c9399c6a06,/node-exporter,prom/node-exporter:latest,secrets_check,critical,true,"map[env_vars_checked:1]"
4f1bf1fad22fa87ed73140c3e3a8dc000a59e3a90ff9300d4bdee8c9399c6a06,/node-exporter,prom/node-exporter:latest,resource_limits_check,low,false,"map[cpu_limit:false memory_limit:false missing_limits:[memory_limit cpu_limit pids_limit] pids_limit:false]"
4f1bf1fad22fa87ed73140c3e3a8dc000a59e3a90ff9300d4bdee8c9399c6a06,/node-exporter,prom/node-exporter:latest,image_integrity_check,medium,false,"map[image:prom/node-exporter:latest is_official:false trust_issues:[untrusted_image_source using_latest_tag] trusted_registry:false]"
4f1bf1fad22fa87ed73140c3e3a8dc000a59e3a90ff9300d4bdee8c9399c6a06,/node-exporter,prom/node-exporter:latest,cis_1_1_1,high,true,"map[user:nobody]"
4f1bf1fad22fa87ed73140c3e3a8dc000a59e3a90ff9300d4bdee8c9399c6a06,/node-exporter,prom/node-exporter:latest,cis_1_1_2,high,true,"map[user:nobody]"
4f1bf1fad22fa87ed73140c3e3a8dc000a59e3a90ff9300d4bdee8c9399c6a06,/node-exporter,prom/node-exporter:latest,cis_3_5,critical,true,"map[privileged:false]"
4f1bf1fad22fa87ed73140c3e3a8dc000a59e3a90ff9300d4bdee8c9399c6a06,/node-exporter,prom/node-exporter:latest,cis_3_10,high,true,"map[network_mode:monitoring_monitoring]"
4f1bf1fad22fa87ed73140c3e3a8dc000a59e3a90ff9300d4bdee8c9399c6a06,/node-exporter,prom/node-exporter:latest,cis_3_16,high,true,"map[added_capabilities:[]]"
4f1bf1fad22fa87ed73140c3e3a8dc000a59e3a90ff9300d4bdee8c9399c6a06,/node-exporter,prom/node-exporter:latest,cis_3_19,high,false,"map[allows_privilege_escalation:true reason:Container may allow privilege escalation which violates CIS control 3.19]"
d18f0ec875c115cbb67380c0818b880a8955bfe8523b41507bbc5b006cdd389f,/alertmanager,prom/alertmanager:latest,root_user_check,high,true,"map[user:nobody]"
d18f0ec875c115cbb67380c0818b880a8955bfe8523b41507bbc5b006cdd389f,/alertmanager,prom/alertmanager:latest,exposed_ports_check,medium,false,"map[bound_ports:[9093/tcp -> :9094] exposed_ports:[] risk_level:medium]"
d18f0ec875c115cbb67380c0818b880a8955bfe8523b41507bbc5b006cdd389f,/alertmanager,prom/alertmanager:latest,vulnerability_check,critical,true,"map[image:prom/alertmanager:latest scan_type:basic_image_analysis]"
d18f0ec875c115cbb67380c0818b880a8955bfe8523b41507bbc5b006cdd389f,/alertmanager,prom/alertmanager:latest,secrets_check,critical,true,"map[env_vars_checked:1]"
d18f0ec875c115cbb67380c0818b880a8955bfe8523b41507bbc5b006cdd389f,/alertmanager,prom/alertmanager:latest,resource_limits_check,low,false,"map[cpu_limit:false memory_limit:false missing_limits:[memory_limit cpu_limit pids_limit] pids_limit:false]"
d18f0ec875c115cbb67380c0818b880a8955bfe8523b41507bbc5b006cdd389f,/alertmanager,prom/alertmanager:latest,image_integrity_check,medium,false,"map[image:prom/alertmanager:latest is_official:false trust_issues:[untrusted_image_source using_latest_tag] trusted_registry:false]"
d18f0ec875c115cbb67380c0818b880a8955bfe8523b41507bbc5b006cdd389f,/alertmanager,prom/alertmanager:latest,cis_1_1_1,high,true,"map[user:nobody]"
d18f0ec875c115cbb67380c0818b880a8955bfe8523b41507bbc5b006cdd389f,/alertmanager,prom/alertmanager:latest,cis_1_1_2,high,true,"map[user:nobody]"
d18f0ec875c115cbb67380c0818b880a8955bfe8523b41507bbc5b006cdd389f,/alertmanager,prom/alertmanager:latest,cis_3_5,critical,true,"map[privileged:false]"
d18f0ec875c115cbb67380c0818b880a8955bfe8523b41507bbc5b006cdd389f,/alertmanager,prom/alertmanager:latest,cis_3_10,high,true,"map[network_mode:monitoring_monitoring]"
d18f0ec875c115cbb67380c0818b880a8955bfe8523b41507bbc5b006cdd389f,/alertmanager,prom/alertmanager:latest,cis_3_16,high,true,"map[added_capabilities:[]]"
d18f0ec875c115cbb67380c0818b880a8955bfe8523b41507bbc5b006cdd389f,/alertmanager,prom/alertmanager:latest,cis_3_19,high,false,"map[allows_privilege_escalation:true reason:Container may allow privilege escalation which violates CIS control 3.19]"
45dc1f6d281a261c4dbbf66a2640b813fd8e994466a24666dcdb004f39e7e278,/api-security-scanner/juice-shop,bkimminich/juice-shop:latest,root_user_check,high,true,"map[user:65532]"
45dc1f6d281a261c4dbbf66a2640b813fd8e994466a24666dcdb004f39e7e278,/api-security-scanner/juice-shop,bkimminich/juice-shop:latest,exposed_ports_check,medium,false,"map[bound_ports:[3000/tcp -> :3000] exposed_ports:[] risk_level:medium]"
45dc1f6d281a261c4dbbf66a2640b813fd8e994466a24666dcdb004f39e7e278,/api-security-scanner/juice-shop,bkimminich/juice-shop:latest,vulnerability_check,critical,true,"map[image:bkimminich/juice-shop:latest scan_type:basic_image_analysis]"
45dc1f6d281a261c4dbbf66a2640b813fd8e994466a24666dcdb004f39e7e278,/api-security-scanner/juice-shop,bkimminich/juice-shop:latest,secrets_check,critical,true,"map[env_vars_checked:2]"
45dc1f6d281a261c4dbbf66a2640b813fd8e994466a24666dcdb004f39e7e278,/api-security-scanner/juice-shop,bkimminich/juice-shop:latest,resource_limits_check,low,false,"map[cpu_limit:false memory_limit:false missing_limits:[memory_limit cpu_limit pids_limit] pids_limit:false]"
45dc1f6d281a261c4dbbf66a2640b813fd8e994466a24666dcdb004f39e7e278,/api-security-scanner/juice-shop,bkimminich/juice-shop:latest,image_integrity_check,medium,false,"map[image:bkimminich/juice-shop:latest is_official:false trust_issues:[untrusted_image_source using_latest_tag] trusted_registry:false]"
45dc1f6d281a261c4dbbf66a2640b813fd8e994466a24666dcdb004f39e7e278,/api-security-scanner/juice-shop,bkimminich/juice-shop:latest,cis_1_1_1,high,true,"map[user:65532]"
45dc1f6d281a261c4dbbf66a2640b813fd8e994466a24666dcdb004f39e7e278,/api-security-scanner/juice-shop,bkimminich/juice-shop:latest,cis_1_1_2,high,true,"map[user:65532]"
45dc1f6d281a261c4dbbf66a2640b813fd8e994466a24666dcdb004f39e7e278,/api-security-scanner/juice-shop,bkimminich/juice-shop:latest,cis_3_5,critical,true,"map[privileged:false]"
45dc1f6d281a261c4dbbf66a2640b813fd8e994466a24666dcdb004f39e7e278,/api-security-scanner/juice-shop,bkimminich/juice-shop:latest,cis_3_10,high,true,"map[network_mode:bridge]"
45dc1f6d281a261c4dbbf66a2640b813fd8e994466a24666dcdb004f39e7e278,/api-security-scanner/juice-shop,bkimminich/juice-shop:latest,cis_3_16,high,true,"map[added_capabilities:[]]"
45dc1f6d281a261c4dbbf66a2640b813fd8e994466a24666dcdb004f39e7e278,/api-security-scanner/juice-shop,bkimminich/juice-shop:latest,cis_3_19,high,false,"map[allows_privilege_escalation:true reason:Container may allow privilege escalation which violates CIS control 3.19]"
e03d8fda2f33264fd3b0f187ddd7118ea41fa429364e8518c45bbe98938ab225,/grafana,grafana/grafana:latest,root_user_check,high,true,"map[user:472]"
e03d8fda2f33264fd3b0f187ddd7118ea41fa429364e8518c45bbe98938ab225,/grafana,grafana/grafana:latest,exposed_ports_check,medium,false,"map[bound_ports:[3000/tcp -> :3001] exposed_ports:[] risk_level:medium]"
e03d8fda2f33264fd3b0f187ddd7118ea41fa429364e8518c45bbe98938ab225,/grafana,grafana/grafana:latest,vulnerability_check,critical,true,"map[image:grafana/grafana:latest scan_type:basic_image_analysis]"
e03d8fda2f33264fd3b0f187ddd7118ea41fa429364e8518c45bbe98938ab225,/grafana,grafana/grafana:latest,secrets_check,critical,false,"map[found_secrets:[gf_security_admin_password] risk_level:critical]"
e03d8fda2f33264fd3b0f187ddd7118ea41fa429364e8518c45bbe98938ab225,/grafana,grafana/grafana:latest,resource_limits_check,low,false,"map[cpu_limit:false memory_limit:false missing_limits:[memory_limit cpu_limit pids_limit] pids_limit:false]"
e03d8fda2f33264fd3b0f187ddd7118ea41fa429364e8518c45bbe98938ab225,/grafana,grafana/grafana:latest,image_integrity_check,medium,false,"map[image:grafana/grafana:latest is_official:false trust_issues:[untrusted_image_source using_latest_tag] trusted_registry:false]"
e03d8fda2f33264fd3b0f187ddd7118ea41fa429364e8518c45bbe98938ab225,/grafana,grafana/grafana:latest,cis_1_1_1,high,true,"map[user:472]"
e03d8fda2f33264fd3b0f187ddd7118ea41fa429364e8518c45bbe98938ab225,/grafana,grafana/grafana:latest,cis_1_1_2,high,true,"map[user:472]"
e03d8fda2f33264fd3b0f187ddd7118ea41fa429364e8518c45bbe98938ab225,/grafana,grafana/grafana:latest,cis_3_5,critical,true,"map[privileged:false]"
e03d8fda2f33264fd3b0f187ddd7118ea41fa429364e8518c45bbe98938ab225,/grafana,grafana/grafana:latest,cis_3_10,high,true,"map[network_mode:monitoring_monitoring]"
e03d8fda2f33264fd3b0f187ddd7118ea41fa429364e8518c45bbe98938ab225,/grafana,grafana/grafana:latest,cis_3_16,high,true,"map[added_capabilities:[]]"
e03d8fda2f33264fd3b0f187ddd7118ea41fa429364e8518c45bbe98938ab225,/grafana,grafana/grafana:latest,cis_3_19,high,false,"map[allows_privilege_escalation:true reason:Container may allow privilege escalation which violates CIS control 3.19]"
20465d673fa575db0e5c8487e7c07e9caf44d99a6fb45cd63b4e44adc2c8db6f,/nice_nobel,kalilinux/kali-rolling,root_user_check,high,false,"map[reason:Container running as root user user:]"
20465d673fa575db0e5c8487e7c07e9caf44d99a6fb45cd63b4e44adc2c8db6f,/nice_nobel,kalilinux/kali-rolling,exposed_ports_check,medium,true,"map[exposed_ports:[]]"
20465d673fa575db0e5c8487e7c07e9caf44d99a6fb45cd63b4e44adc2c8db6f,/nice_nobel,kalilinux/kali-rolling,vulnerability_check,critical,true,"map[image:kalilinux/kali-rolling scan_type:basic_image_analysis]"
20465d673fa575db0e5c8487e7c07e9caf44d99a6fb45cd63b4e44adc2c8db6f,/nice_nobel,kalilinux/kali-rolling,secrets_check,critical,true,"map[env_vars_checked:2]"
20465d673fa575db0e5c8487e7c07e9caf44d99a6fb45cd63b4e44adc2c8db6f,/nice_nobel,kalilinux/kali-rolling,resource_limits_check,low,false,"map[cpu_limit:false memory_limit:false missing_limits:[memory_limit cpu_limit pids_limit] pids_limit:false]"
20465d673fa575db0e5c8487e7c07e9caf44d99a6fb45cd63b4e44adc2c8db6f,/nice_nobel,kalilinux/kali-rolling,image_integrity_check,medium,false,"map[image:kalilinux/kali-rolling is_official:false trust_issues:[untrusted_image_source] trusted_registry:false]"
20465d673fa575db0e5c8487e7c07e9caf44d99a6fb45cd63b4e44adc2c8db6f,/nice_nobel,kalilinux/kali-rolling,cis_1_1_1,high,false,"map[reason:Container running as root user violates CIS control 1.1.1 user:]"
20465d673fa575db0e5c8487e7c07e9caf44d99a6fb45cd63b4e44adc2c8db6f,/nice_nobel,kalilinux/kali-rolling,cis_1_1_2,high,false,"map[reason:Container running as root user violates CIS control 1.1.2 user:]"
20465d673fa575db0e5c8487e7c07e9caf44d99a6fb45cd63b4e44adc2c8db6f,/nice_nobel,kalilinux/kali-rolling,cis_3_5,critical,true,"map[privileged:false]"
20465d673fa575db0e5c8487e7c07e9caf44d99a6fb45cd63b4e44adc2c8db6f,/nice_nobel,kalilinux/kali-rolling,cis_3_10,high,true,"map[network_mode:bridge]"
20465d673fa575db0e5c8487e7c07e9caf44d99a6fb45cd63b4e44adc2c8db6f,/nice_nobel,kalilinux/kali-rolling,cis_3_16,high,true,"map[added_capabilities:[]]"
20465d673fa575db0e5c8487e7c07e9caf44d99a6fb45cd63b4e44adc2c8db6f,/nice_nobel,kalilinux/kali-rolling,cis_3_19,high,false,"map[allows_privilege_escalation:true reason:Container may allow privilege escalation which violates CIS control 3.19]"
3e648f3382819151ab012174973f56888a87b0aa9f3fc045899ef3aec9321b3e,/cadvisor,gcr.io/cadvisor/cadvisor:latest,root_user_check,high,false,"map[reason:Container running as root user user:]"
3e648f3382819151ab012174973f56888a87b0aa9f3fc045899ef3aec9321b3e,/cadvisor,gcr.io/cadvisor/cadvisor:latest,exposed_ports_check,medium,false,"map[bound_ports:[8080/tcp -> :8081] exposed_ports:[] risk_level:medium]"
3e648f3382819151ab012174973f56888a87b0aa9f3fc045899ef3aec9321b3e,/cadvisor,gcr.io/cadvisor/cadvisor:latest,vulnerability_check,critical,true,"map[image:gcr.io/cadvisor/cadvisor:latest scan_type:basic_image_analysis]"
3e648f3382819151ab012174973f56888a87b0aa9f3fc045899ef3aec9321b3e,/cadvisor,gcr.io/cadvisor/cadvisor:latest,secrets_check,critical,true,"map[env_vars_checked:2]"
3e648f3382819151ab012174973f56888a87b0aa9f3fc045899ef3aec9321b3e,/cadvisor,gcr.io/cadvisor/cadvisor:latest,resource_limits_check,low,false,"map[cpu_limit:false memory_limit:false missing_limits:[memory_limit cpu_limit pids_limit] pids_limit:false]"
3e648f3382819151ab012174973f56888a87b0aa9f3fc045899ef3aec9321b3e,/cadvisor,gcr.io/cadvisor/cadvisor:latest,image_integrity_check,medium,false,"map[image:gcr.io/cadvisor/cadvisor:latest is_official:false trust_issues:[using_latest_tag] trusted_registry:true]"
3e648f3382819151ab012174973f56888a87b0aa9f3fc045899ef3aec9321b3e,/cadvisor,gcr.io/cadvisor/cadvisor:latest,cis_1_1_1,high,false,"map[reason:Container running as root user violates CIS control 1.1.1 user:]"
3e648f3382819151ab012174973f56888a87b0aa9f3fc045899ef3aec9321b3e,/cadvisor,gcr.io/cadvisor/cadvisor:latest,cis_1_1_2,high,false,"map[reason:Container running as root user violates CIS control 1.1.2 user:]"
3e648f3382819151ab012174973f56888a87b0aa9f3fc045899ef3aec9321b3e,/cadvisor,gcr.io/cadvisor/cadvisor:latest,cis_3_5,critical,false,"map[privileged:true reason:Container is running in privileged mode which violates CIS control 3.5]"
3e648f3382819151ab012174973f56888a87b0aa9f3fc045899ef3aec9321b3e,/cadvisor,gcr.io/cadvisor/cadvisor:latest,cis_3_10,high,true,"map[network_mode:monitoring_monitoring]"
3e648f3382819151ab012174973f56888a87b0aa9f3fc045899ef3aec9321b3e,/cadvisor,gcr.io/cadvisor/cadvisor:latest,cis_3_16,high,true,"map[added_capabilities:[]]"
3e648f3382819151ab012174973f56888a87b0aa9f3fc045899ef3aec9321b3e,/cadvisor,gcr.io/cadvisor/cadvisor:latest,cis_3_19,high,false,"map[allows_privilege_escalation:true reason:Container may allow privilege escalation which violates CIS control 3.19]"
926d63561e7e860c811e35eae48d71c0549138fe3884320f10a60dff619b96e3,/minikube,gcr.io/k8s-minikube/kicbase:v0.0.45@sha256:81df288595202a317b1a4dc2506ca2e4ed5f22373c19a441b88cfbf4b9867c85,root_user_check,high,false,"map[reason:Container running as root user user:]"
926d63561e7e860c811e35eae48d71c0549138fe3884320f10a60dff619b96e3,/minikube,gcr.io/k8s-minikube/kicbase:v0.0.45@sha256:81df288595202a317b1a4dc2506ca2e4ed5f22373c19a441b88cfbf4b9867c85,exposed_ports_check,medium,false,"map[bound_ports:[22/tcp -> 127.0.0.1: 2376/tcp -> 127.0.0.1: 32443/tcp -> 127.0.0.1: 5000/tcp -> 127.0.0.1: 8443/tcp -> 127.0.0.1:] exposed_ports:[] risk_level:medium]"
926d63561e7e860c811e35eae48d71c0549138fe3884320f10a60dff619b96e3,/minikube,gcr.io/k8s-minikube/kicbase:v0.0.45@sha256:81df288595202a317b1a4dc2506ca2e4ed5f22373c19a441b88cfbf4b9867c85,vulnerability_check,critical,true,"map[image:gcr.io/k8s-minikube/kicbase:v0.0.45@sha256:81df288595202a317b1a4dc2506ca2e4ed5f22373c19a441b88cfbf4b9867c85 scan_type:basic_image_analysis]"
926d63561e7e860c811e35eae48d71c0549138fe3884320f10a60dff619b96e3,/minikube,gcr.io/k8s-minikube/kicbase:v0.0.45@sha256:81df288595202a317b1a4dc2506ca2e4ed5f22373c19a441b88cfbf4b9867c85,secrets_check,critical,true,"map[env_vars_checked:2]"
926d63561e7e860c811e35eae48d71c0549138fe3884320f10a60dff619b96e3,/minikube,gcr.io/k8s-minikube/kicbase:v0.0.45@sha256:81df288595202a317b1a4dc2506ca2e4ed5f22373c19a441b88cfbf4b9867c85,resource_limits_check,low,false,"map[cpu_limit:false memory_limit:true missing_limits:[cpu_limit pids_limit] pids_limit:false]"
926d63561e7e860c811e35eae48d71c0549138fe3884320f10a60dff619b96e3,/minikube,gcr.io/k8s-minikube/kicbase:v0.0.45@sha256:81df288595202a317b1a4dc2506ca2e4ed5f22373c19a441b88cfbf4b9867c85,image_integrity_check,medium,true,"map[image:gcr.io/k8s-minikube/kicbase:v0.0.45@sha256:81df288595202a317b1a4dc2506ca2e4ed5f22373c19a441b88cfbf4b9867c85 trust_verified:true]"
926d63561e7e860c811e35eae48d71c0549138fe3884320f10a60dff619b96e3,/minikube,gcr.io/k8s-minikube/kicbase:v0.0.45@sha256:81df288595202a317b1a4dc2506ca2e4ed5f22373c19a441b88cfbf4b9867c85,cis_1_1_1,high,false,"map[reason:Container running as root user violates CIS control 1.1.1 user:]"
926d63561e7e860c811e35eae48d71c0549138fe3884320f10a60dff619b96e3,/minikube,gcr.io/k8s-minikube/kicbase:v0.0.45@sha256:81df288595202a317b1a4dc2506ca2e4ed5f22373c19a441b88cfbf4b9867c85,cis_1_1_2,high,false,"map[reason:Container running as root user violates CIS control 1.1.2 user:]"
926d63561e7e860c811e35eae48d71c0549138fe3884320f10a60dff619b96e3,/minikube,gcr.io/k8s-minikube/kicbase:v0.0.45@sha256:81df288595202a317b1a4dc2506ca2e4ed5f22373c19a441b88cfbf4b9867c85,cis_3_5,critical,false,"map[privileged:true reason:Container is running in privileged mode which violates CIS control 3.5]"
926d63561e7e860c811e35eae48d71c0549138fe3884320f10a60dff619b96e3,/minikube,gcr.io/k8s-minikube/kicbase:v0.0.45@sha256:81df288595202a317b1a4dc2506ca2e4ed5f22373c19a441b88cfbf4b9867c85,cis_3_10,high,true,"map[network_mode:minikube]"
926d63561e7e860c811e35eae48d71c0549138fe3884320f10a60dff619b96e3,/minikube,gcr.io/k8s-minikube/kicbase:v0.0.45@sha256:81df288595202a317b1a4dc2506ca2e4ed5f22373c19a441b88cfbf4b9867c85,cis_3_16,high,true,"map[added_capabilities:[]]"
926d63561e7e860c811e35eae48d71c0549138fe3884320f10a60dff619b96e3,/minikube,gcr.io/k8s-minikube/kicbase:v0.0.45@sha256:81df288595202a317b1a4dc2506ca2e4ed5f22373c19a441b88cfbf4b9867c85,cis_3_19,high,false,"map[allows_privilege_escalation:true reason:Container may allow privilege escalation which violates CIS control 3.19]"
